,Label
loop1,1
loop2,1
loop3,1
loop4,1
loop5,1
loop6,1
loop7,1
loop8,1
loop9,1
loop10,1
loop11,1
loop12,1
loop13,1
loop14,1
loop15,1
loop16,1
loop17,1
loop18,1
loop19,1
loop20,1
loop21,1
loop22,1
loop23,1
loop24,1
loop25,1
loop26,1
loop27,1
loop28,1
loop29,1
loop30,1
loop31,1
loop32,1
loop33,1
loop34,1
loop35,1
loop36,1
loop37,1
loop38,1
loop39,1
loop40,1
loop41,1
loop42,1
loop43,1
loop44,1
loop45,1
loop46,1
loop47,1
loop48,1
loop49,1
loop50,1
loop51,1
loop52,1
loop53,1
loop54,1
loop55,1
loop56,1
loop57,1
loop58,1
loop59,1
loop60,1
loop61,1
loop62,1
loop63,1
loop64,1
loop65,1
loop66,1
loop67,1
loop68,1
loop69,1
loop70,1
loop71,1
loop72,1
loop73,1
loop74,1
loop75,1
loop76,1
loop77,1
loop78,1
loop79,1
loop80,1
loop81,1
loop82,1
loop83,1
loop84,1
loop85,1
loop86,1
loop87,1
loop88,1
loop89,1
loop90,1
loop91,1
loop92,1
loop93,1
loop94,1
loop95,1
loop96,1
loop97,1
loop98,1
loop99,1
loop100,1
loop101,1
loop102,1
loop103,1
loop104,1
loop105,1
loop106,1
loop107,1
loop108,1
loop109,1
loop110,1
loop111,1
loop112,1
loop113,1
loop114,1
loop115,1
loop116,1
loop117,1
loop118,1
loop119,1
loop120,1
loop121,1
loop122,1
loop123,1
loop124,1
loop125,1
loop126,1
loop127,1
loop128,1
loop129,1
loop130,1
loop131,1
loop132,1
loop133,1
loop134,1
loop135,1
loop136,1
loop137,1
loop138,1
loop139,1
loop140,1
loop141,1
loop142,1
loop143,1
loop144,1
loop145,1
loop146,1
loop147,1
loop148,1
loop149,1
loop150,1
loop151,1
loop152,1
loop153,1
loop154,1
loop155,1
loop156,1
loop157,1
loop158,1
loop159,1
loop160,1
loop161,1
loop162,1
loop163,1
loop164,1
loop165,1
loop166,1
loop167,1
loop168,1
loop169,1
loop170,1
loop171,1
loop172,1
loop173,1
loop174,1
loop175,1
loop176,1
loop177,1
loop178,1
loop179,1
loop180,1
loop181,1
loop182,1
loop183,1
loop184,1
loop185,1
loop186,1
loop187,1
loop188,1
loop189,1
loop190,1
loop191,1
loop192,1
loop193,1
loop194,1
loop195,1
loop196,1
loop197,1
loop198,1
loop199,1
loop200,1
loop201,1
loop202,1
loop203,1
loop204,1
loop205,1
loop206,1
loop207,1
loop208,1
loop209,1
loop210,1
loop211,1
loop212,1
loop213,1
loop214,1
loop215,1
loop216,1
loop217,1
loop218,1
loop219,1
loop220,1
loop221,1
loop222,1
loop223,1
loop224,1
loop225,1
loop226,1
loop227,1
loop228,1
loop229,1
loop230,1
loop231,1
loop232,1
loop233,1
loop234,1
loop235,1
loop236,1
loop237,1
loop238,1
loop239,1
loop240,1
loop241,1
loop242,1
loop243,1
loop244,1
loop245,1
loop246,1
loop247,1
loop248,1
loop249,1
loop250,1
loop251,1
loop252,1
loop253,1
loop254,1
loop255,1
loop256,1
loop257,1
loop258,1
loop259,1
loop260,1
loop261,1
loop262,1
loop263,1
loop264,1
loop265,1
loop266,1
loop267,1
loop268,1
loop269,1
loop270,1
loop271,1
loop272,1
loop273,1
loop274,1
loop275,1
loop276,1
loop277,1
loop278,1
loop279,1
loop280,1
loop281,1
loop282,1
loop283,1
loop284,1
loop285,1
loop286,1
loop287,1
loop288,1
loop289,1
loop290,1
loop291,1
loop292,1
loop293,1
loop294,1
loop295,1
loop296,1
loop297,1
loop298,1
loop299,1
loop300,1
loop301,1
loop302,1
loop303,1
loop304,1
loop305,1
loop306,1
loop307,1
loop308,1
loop309,1
loop310,1
loop311,1
loop312,1
loop313,1
loop314,1
loop315,1
loop316,1
loop317,1
loop318,1
loop319,1
loop320,1
loop321,1
loop322,1
loop323,1
loop324,1
loop325,1
loop326,1
loop327,1
loop328,1
loop329,1
loop330,1
loop331,1
loop332,1
loop333,1
loop334,1
loop335,1
loop336,1
loop337,1
loop338,1
loop339,1
loop340,1
loop341,1
loop342,1
loop343,1
loop344,1
loop345,1
loop346,1
loop347,1
loop348,1
loop349,1
loop350,1
loop351,1
loop352,1
loop353,1
loop354,1
loop355,1
loop356,1
loop357,1
loop358,1
loop359,1
loop360,1
loop361,1
loop362,1
loop363,1
loop364,1
loop365,1
loop366,1
loop367,1
loop368,1
loop369,1
loop370,1
loop371,1
loop372,1
loop373,1
loop374,1
loop375,1
loop376,1
loop377,1
loop378,1
loop379,1
loop380,1
loop381,1
loop382,1
loop383,1
loop384,1
loop385,1
loop386,1
loop387,1
loop388,1
loop389,1
loop390,1
loop391,1
loop392,1
loop393,1
loop394,1
loop395,1
loop396,1
loop397,1
loop398,1
loop399,1
loop400,1
loop401,1
loop402,1
loop403,1
loop404,1
loop405,1
loop406,1
loop407,1
loop408,1
loop409,1
loop410,1
loop411,1
loop412,1
loop413,1
loop414,1
loop415,1
loop416,1
loop417,1
loop418,1
loop419,1
loop420,1
loop421,1
loop422,1
loop423,1
loop424,1
loop425,1
loop426,1
loop427,1
loop428,1
loop429,1
loop430,1
loop431,1
loop432,1
loop433,1
loop434,1
loop435,1
loop436,1
loop437,1
loop438,1
loop439,1
loop440,1
loop441,1
loop442,1
loop443,1
loop444,1
loop445,1
loop446,1
loop447,1
loop448,1
loop449,1
loop450,1
loop451,1
loop452,1
loop453,1
loop454,1
loop455,1
loop456,1
loop457,1
loop458,1
loop459,1
loop460,1
loop461,1
loop462,1
loop463,1
loop464,1
loop465,1
loop466,1
loop467,1
loop468,1
loop469,1
loop470,1
loop471,1
loop472,1
loop473,1
loop474,1
loop475,1
loop476,1
loop477,1
loop478,1
loop479,1
loop480,1
loop481,1
loop482,1
loop483,1
loop484,1
loop485,1
loop486,1
loop487,1
loop488,1
loop489,1
loop490,1
loop491,1
loop492,1
loop493,1
loop494,1
loop495,1
loop496,1
loop497,1
loop498,1
loop499,1
loop500,1
loop501,1
loop502,1
loop503,1
loop504,1
loop505,1
loop506,1
loop507,1
loop508,1
loop509,1
loop510,1
loop511,1
loop512,1
loop513,1
loop514,1
loop515,1
loop516,1
loop517,1
loop518,1
loop519,1
loop520,1
loop521,1
loop522,1
loop523,1
loop524,1
loop525,1
loop526,1
loop527,1
loop528,1
loop529,1
loop530,1
loop531,1
loop532,1
loop533,1
loop534,1
loop535,1
loop536,1
loop537,1
loop538,1
loop539,1
loop540,1
loop541,1
loop542,1
loop543,1
loop544,1
loop545,1
loop546,1
loop547,1
loop548,1
loop549,1
loop550,1
loop551,1
loop552,1
loop553,1
loop554,1
loop555,1
loop556,1
loop557,1
loop558,1
loop559,1
loop560,1
loop561,1
loop562,1
loop563,1
loop564,1
loop565,1
loop566,1
loop567,1
loop568,1
loop569,1
loop570,1
loop571,1
loop572,1
loop573,1
loop574,1
loop575,1
loop576,1
loop577,1
loop578,1
loop579,1
loop580,1
loop581,1
loop582,1
loop583,1
loop584,1
loop585,1
loop586,1
loop587,1
loop588,1
loop589,1
loop590,1
loop591,1
loop592,1
loop593,1
loop594,1
loop595,1
loop596,1
loop597,1
loop598,1
loop599,1
loop600,1
loop601,1
loop602,1
loop603,1
loop604,1
loop605,1
loop606,1
loop607,1
loop608,1
loop609,1
loop610,1
loop611,1
loop612,1
loop613,1
loop614,1
loop615,1
loop616,1
loop617,1
loop618,1
loop619,1
loop620,1
loop621,1
loop622,1
loop623,1
loop624,1
loop625,1
loop626,1
loop627,1
loop628,1
loop629,1
loop630,1
loop631,1
loop632,1
loop633,1
loop634,1
loop635,1
loop636,1
loop637,1
loop638,1
loop639,1
loop640,1
loop641,1
loop642,1
loop643,1
loop644,1
loop645,1
loop646,1
loop647,1
loop648,1
loop649,1
loop650,1
loop651,1
loop652,1
loop653,1
loop654,1
loop655,1
loop656,1
loop657,1
loop658,1
loop659,1
loop660,1
loop661,1
loop662,1
loop663,1
loop664,1
loop665,1
loop666,1
loop667,1
loop668,1
loop669,1
loop670,1
loop671,1
loop672,1
loop673,1
loop674,1
loop675,1
loop676,1
loop677,1
loop678,1
loop679,1
loop680,1
loop681,1
loop682,1
loop683,1
loop684,1
loop685,1
loop686,1
loop687,1
loop688,1
loop689,1
loop690,1
loop691,1
loop692,1
loop693,1
loop694,1
loop695,1
loop696,1
loop697,1
loop698,1
loop699,1
loop700,1
loop701,1
loop702,1
loop703,1
loop704,1
loop705,1
loop706,1
loop707,1
loop708,1
loop709,1
loop710,1
loop711,1
loop712,1
loop713,1
loop714,1
loop715,1
loop716,1
loop717,1
loop718,1
loop719,1
loop720,1
loop721,1
loop722,1
loop723,1
loop724,1
loop725,1
loop726,1
loop727,1
loop728,1
loop729,1
loop730,1
loop731,1
loop732,1
loop733,1
loop734,1
loop735,1
loop736,1
loop737,1
loop738,1
loop739,1
loop740,1
loop741,1
loop742,1
loop743,1
loop744,1
loop745,1
loop746,1
loop747,1
loop748,1
loop749,1
loop750,1
loop751,1
loop752,1
loop753,1
loop754,1
loop755,1
loop756,1
loop757,1
loop758,1
loop759,1
loop760,1
loop761,1
loop762,1
loop763,1
loop764,1
loop765,1
loop766,1
loop767,1
loop768,1
loop769,1
loop770,1
loop771,1
loop772,1
loop773,1
loop774,1
loop775,1
loop776,1
loop777,1
loop778,1
loop779,1
loop780,1
loop781,1
loop782,1
loop783,1
loop784,1
loop785,1
loop786,1
loop787,1
loop788,1
loop789,1
loop790,1
loop791,1
loop792,1
loop793,1
loop794,1
loop795,1
loop796,1
loop797,1
loop798,1
loop799,1
loop800,1
loop801,1
loop802,1
loop803,1
loop804,1
loop805,1
loop806,1
loop807,1
loop808,1
loop809,1
loop810,1
loop811,1
loop812,1
loop813,1
loop814,1
loop815,1
loop816,1
loop817,1
loop818,1
loop819,1
loop820,1
loop821,1
loop822,1
loop823,1
loop824,1
loop825,1
loop826,1
loop827,1
loop828,1
loop829,1
loop830,1
loop831,1
loop832,1
loop833,1
loop834,1
loop835,1
loop836,1
loop837,1
loop838,1
loop839,1
loop840,1
loop841,1
loop842,1
loop843,1
loop844,1
loop845,1
loop846,1
loop847,1
loop848,1
loop849,1
loop850,1
loop851,1
loop852,1
loop853,1
loop854,1
loop855,1
loop856,1
loop857,1
loop858,1
loop859,1
loop860,1
loop861,1
loop862,1
loop863,1
loop864,1
loop865,1
loop866,1
loop867,1
loop868,1
loop869,1
loop870,1
loop871,1
loop872,1
loop873,1
loop874,1
loop875,1
loop876,1
loop877,1
loop878,1
loop879,1
loop880,1
loop881,1
loop882,1
loop883,1
loop884,1
loop885,1
loop886,1
loop887,1
loop888,1
loop889,1
loop890,1
loop891,1
loop892,1
loop893,1
loop894,1
loop895,1
loop896,1
loop897,1
loop898,1
loop899,1
loop900,1
loop901,1
loop902,1
loop903,1
loop904,1
loop905,1
loop906,1
loop907,1
loop908,1
loop909,1
loop910,1
loop911,1
loop912,1
loop913,1
loop914,1
loop915,1
loop916,1
loop917,1
loop918,1
loop919,1
loop920,1
loop921,1
loop922,1
loop923,1
loop924,1
loop925,1
loop926,1
loop927,1
loop928,1
loop929,1
loop930,1
loop931,1
loop932,1
loop933,1
loop934,1
loop935,1
loop936,1
loop937,1
loop938,1
loop939,1
loop940,1
loop941,1
loop942,1
loop943,1
loop944,1
loop945,1
loop946,1
loop947,1
loop948,1
loop949,1
loop950,1
loop951,1
loop952,1
loop953,1
loop954,1
loop955,1
loop956,1
loop957,1
loop958,1
loop959,1
loop960,1
loop961,1
loop962,1
loop963,1
loop964,1
loop965,1
loop966,1
loop967,1
loop968,1
loop969,1
loop970,1
loop971,1
loop972,1
loop973,1
loop974,1
loop975,1
loop976,1
loop977,1
loop978,1
loop979,1
loop980,1
loop981,1
loop982,1
loop983,1
loop984,1
loop985,1
loop986,1
loop987,1
loop988,1
loop989,1
loop990,1
loop991,1
loop992,1
loop993,1
loop994,1
loop995,1
loop996,1
loop997,1
loop998,1
loop999,1
loop1000,1
loop1001,1
loop1002,1
loop1003,1
loop1004,1
loop1005,1
loop1006,1
loop1007,1
loop1008,1
loop1009,1
loop1010,1
loop1011,1
loop1012,1
loop1013,1
loop1014,1
loop1015,1
loop1016,1
loop1017,1
loop1018,1
loop1019,1
loop1020,1
loop1021,1
loop1022,1
loop1023,1
loop1024,1
loop1025,1
loop1026,1
loop1027,1
loop1028,1
loop1029,1
loop1030,1
loop1031,1
loop1032,1
loop1033,1
loop1034,1
loop1035,1
loop1036,1
loop1037,1
loop1038,1
loop1039,1
loop1040,1
loop1041,1
loop1042,1
loop1043,1
loop1044,1
loop1045,1
loop1046,1
loop1047,1
loop1048,1
loop1049,1
loop1050,1
loop1051,1
loop1052,1
loop1053,1
loop1054,1
loop1055,1
loop1056,1
loop1057,1
loop1058,1
loop1059,1
loop1060,1
loop1061,1
loop1062,1
loop1063,1
loop1064,1
loop1065,1
loop1066,1
loop1067,1
loop1068,1
loop1069,1
loop1070,1
loop1071,1
loop1072,1
loop1073,1
loop1074,1
loop1075,1
loop1076,1
loop1077,1
loop1078,1
loop1079,1
loop1080,1
loop1081,1
loop1082,1
loop1083,1
loop1084,1
loop1085,1
loop1086,1
loop1087,1
loop1088,1
loop1089,1
loop1090,1
loop1091,1
loop1092,1
loop1093,1
loop1094,1
loop1095,1
loop1096,1
loop1097,1
loop1098,1
loop1099,1
loop1100,1
loop1101,1
loop1102,1
loop1103,1
loop1104,1
loop1105,1
loop1106,1
loop1107,1
loop1108,1
loop1109,1
loop1110,1
loop1111,1
loop1112,1
loop1113,1
loop1114,1
loop1115,1
loop1116,1
loop1117,1
loop1118,1
loop1119,1
loop1120,1
loop1121,1
loop1122,1
loop1123,1
loop1124,1
loop1125,1
loop1126,1
loop1127,1
loop1128,1
loop1129,1
loop1130,1
loop1131,1
loop1132,1
loop1133,1
loop1134,1
loop1135,1
loop1136,1
loop1137,1
loop1138,1
loop1139,1
loop1140,1
loop1141,1
loop1142,1
loop1143,1
loop1144,1
loop1145,1
loop1146,1
loop1147,1
loop1148,1
loop1149,1
loop1150,1
loop1151,1
loop1152,1
loop1153,1
loop1154,1
loop1155,1
loop1156,1
loop1157,1
loop1158,1
loop1159,1
loop1160,1
loop1161,1
loop1162,1
loop1163,1
loop1164,1
loop1165,1
loop1166,1
loop1167,1
loop1168,1
loop1169,1
loop1170,1
loop1171,1
loop1172,1
loop1173,1
loop1174,1
loop1175,1
loop1176,1
loop1177,1
loop1178,1
loop1179,1
loop1180,1
loop1181,1
loop1182,1
loop1183,1
loop1184,1
loop1185,1
loop1186,1
loop1187,1
loop1188,1
loop1189,1
loop1190,1
loop1191,1
loop1192,1
loop1193,1
loop1194,1
loop1195,1
loop1196,1
loop1197,1
loop1198,1
loop1199,1
loop1200,1
loop1201,1
loop1202,1
loop1203,1
loop1204,1
loop1205,1
loop1206,1
loop1207,1
loop1208,1
loop1209,1
loop1210,1
loop1211,1
loop1212,1
loop1213,1
loop1214,1
loop1215,1
loop1216,1
loop1217,1
loop1218,1
loop1219,1
loop1220,1
loop1221,1
loop1222,1
loop1223,1
loop1224,1
loop1225,1
loop1226,1
loop1227,1
loop1228,1
loop1229,1
loop1230,1
loop1231,1
loop1232,1
loop1233,1
loop1234,1
loop1235,1
loop1236,1
loop1237,1
loop1238,1
loop1239,1
loop1240,1
loop1241,1
loop1242,1
loop1243,1
loop1244,1
loop1245,1
loop1246,1
loop1247,1
loop1248,1
loop1249,1
loop1250,1
loop1251,1
loop1252,1
loop1253,1
loop1254,1
loop1255,1
loop1256,1
loop1257,1
loop1258,1
loop1259,1
loop1260,1
loop1261,1
loop1262,1
loop1263,1
loop1264,1
loop1265,1
loop1266,1
loop1267,1
loop1268,1
loop1269,1
loop1270,1
loop1271,1
loop1272,1
loop1273,1
loop1274,1
loop1275,1
loop1276,1
loop1277,1
loop1278,1
loop1279,1
loop1280,1
loop1281,1
loop1282,1
loop1283,1
loop1284,1
loop1285,1
loop1286,1
loop1287,1
loop1288,1
loop1289,1
loop1290,1
loop1291,1
loop1292,1
loop1293,1
loop1294,1
loop1295,1
loop1296,1
loop1297,1
loop1298,1
loop1299,1
loop1300,1
loop1301,1
loop1302,1
loop1303,1
loop1304,1
loop1305,1
loop1306,1
loop1307,1
loop1308,1
loop1309,1
loop1310,1
loop1311,1
loop1312,1
loop1313,1
loop1314,1
loop1315,1
loop1316,1
loop1317,1
loop1318,1
loop1319,1
loop1320,1
loop1321,1
loop1322,1
loop1323,1
loop1324,1
loop1325,1
loop1326,1
loop1327,1
loop1328,1
loop1329,1
loop1330,1
loop1331,1
loop1332,1
loop1333,1
loop1334,1
loop1335,1
loop1336,1
loop1337,1
loop1338,1
loop1339,1
loop1340,1
loop1341,1
loop1342,1
loop1343,1
loop1344,1
loop1345,1
loop1346,1
loop1347,1
loop1348,1
loop1349,1
loop1350,1
loop1351,1
loop1352,1
loop1353,1
loop1354,1
loop1355,1
loop1356,1
loop1357,1
loop1358,1
loop1359,1
loop1360,1
loop1361,1
loop1362,1
loop1363,1
loop1364,1
loop1365,1
loop1366,1
loop1367,1
loop1368,1
loop1369,1
loop1370,1
loop1371,1
loop1372,1
loop1373,1
loop1374,1
loop1375,1
loop1376,1
loop1377,1
loop1378,1
loop1379,1
loop1380,1
loop1381,1
loop1382,1
loop1383,1
loop1384,1
loop1385,1
loop1386,1
loop1387,1
loop1388,1
loop1389,1
loop1390,1
loop1391,1
loop1392,1
loop1393,1
loop1394,1
loop1395,1
loop1396,1
loop1397,1
loop1398,1
loop1399,1
loop1400,1
loop1401,1
loop1402,1
loop1403,1
loop1404,1
loop1405,1
loop1406,1
loop1407,1
loop1408,1
loop1409,1
loop1410,1
loop1411,1
loop1412,1
loop1413,1
loop1414,1
loop1415,1
loop1416,1
loop1417,1
loop1418,1
loop1419,1
loop1420,1
loop1421,1
loop1422,1
loop1423,1
loop1424,1
loop1425,1
loop1426,1
loop1427,1
loop1428,1
loop1429,1
loop1430,1
loop1431,1
loop1432,1
loop1433,1
loop1434,1
loop1435,1
loop1436,1
loop1437,1
loop1438,1
loop1439,1
loop1440,1
loop1441,1
loop1442,1
loop1443,1
loop1444,1
loop1445,1
loop1446,1
loop1447,1
loop1448,1
loop1449,1
loop1450,1
loop1451,1
loop1452,1
loop1453,1
loop1454,1
loop1455,1
loop1456,1
loop1457,1
loop1458,1
loop1459,1
loop1460,1
loop1461,1
loop1462,1
loop1463,1
loop1464,1
loop1465,1
loop1466,1
loop1467,1
loop1468,1
loop1469,1
loop1470,1
loop1471,1
loop1472,1
loop1473,1
loop1474,1
loop1475,1
loop1476,1
loop1477,1
loop1478,1
loop1479,1
loop1480,1
loop1481,1
loop1482,1
loop1483,1
loop1484,1
loop1485,1
loop1486,1
loop1487,1
loop1488,1
loop1489,1
loop1490,1
loop1491,1
loop1492,1
loop1493,1
loop1494,1
loop1495,1
loop1496,1
loop1497,1
loop1498,1
loop1499,1
loop1500,1
loop1501,1
loop1502,1
loop1503,1
loop1504,1
loop1505,1
loop1506,1
loop1507,1
loop1508,1
loop1509,1
loop1510,1
loop1511,1
loop1512,1
loop1513,1
loop1514,1
loop1515,1
loop1516,1
loop1517,1
loop1518,1
loop1519,1
loop1520,1
loop1521,1
loop1522,1
loop1523,1
loop1524,1
loop1525,1
loop1526,1
loop1527,1
loop1528,1
loop1529,1
loop1530,1
loop1531,1
loop1532,1
loop1533,1
loop1534,1
loop1535,1
loop1536,1
loop1537,1
loop1538,1
loop1539,1
loop1540,1
loop1541,1
loop1542,1
loop1543,1
loop1544,1
loop1545,1
loop1546,1
loop1547,1
loop1548,1
loop1549,1
loop1550,1
loop1551,1
loop1552,1
loop1553,1
loop1554,1
loop1555,1
loop1556,1
loop1557,1
loop1558,1
loop1559,1
loop1560,1
loop1561,1
loop1562,1
loop1563,1
loop1564,1
loop1565,1
loop1566,1
loop1567,1
loop1568,1
loop1569,1
loop1570,1
loop1571,1
loop1572,1
loop1573,1
loop1574,1
loop1575,1
loop1576,1
loop1577,1
loop1578,1
loop1579,1
loop1580,1
loop1581,1
loop1582,1
loop1583,1
loop1584,1
loop1585,1
loop1586,1
loop1587,1
loop1588,1
loop1589,1
loop1590,1
loop1591,1
loop1592,1
loop1593,1
loop1594,1
loop1595,1
loop1596,1
loop1597,1
loop1598,1
loop1599,1
loop1600,1
loop1601,1
loop1602,1
loop1603,1
loop1604,1
loop1605,1
loop1606,1
loop1607,1
loop1608,1
loop1609,1
loop1610,1
loop1611,1
loop1612,1
loop1613,1
loop1614,1
loop1615,1
loop1616,1
loop1617,1
loop1618,1
loop1619,1
loop1620,1
loop1621,1
loop1622,1
loop1623,1
loop1624,1
loop1625,1
loop1626,1
loop1627,1
loop1628,1
loop1629,1
loop1630,1
loop1631,1
loop1632,1
loop1633,1
loop1634,1
loop1635,1
loop1636,1
loop1637,1
loop1638,1
loop1639,1
loop1640,1
loop1641,1
loop1642,1
loop1643,1
loop1644,1
loop1645,1
loop1646,1
loop1647,1
loop1648,1
loop1649,1
loop1650,1
loop1651,1
loop1652,1
loop1653,1
loop1654,1
loop1655,1
loop1656,1
loop1657,1
loop1658,1
loop1659,1
loop1660,1
loop1661,1
loop1662,1
loop1663,1
loop1664,1
loop1665,1
loop1666,1
loop1667,1
loop1668,1
loop1669,1
loop1670,1
loop1671,1
loop1672,1
loop1673,1
loop1674,1
loop1675,1
loop1676,1
loop1677,1
loop1678,1
loop1679,1
loop1680,1
loop1681,1
loop1682,1
loop1683,1
loop1684,1
loop1685,1
loop1686,1
loop1687,1
loop1688,1
loop1689,1
loop1690,1
loop1691,1
loop1692,1
loop1693,1
loop1694,1
loop1695,1
loop1696,1
loop1697,1
loop1698,1
loop1699,1
loop1700,1
loop1701,1
loop1702,1
loop1703,1
loop1704,1
loop1705,1
loop1706,1
loop1707,1
loop1708,1
loop1709,1
loop1710,1
loop1711,1
loop1712,1
loop1713,1
loop1714,1
loop1715,1
loop1716,1
loop1717,1
loop1718,1
loop1719,1
loop1720,1
loop1721,1
loop1722,1
loop1723,1
loop1724,1
loop1725,1
loop1726,1
loop1727,1
loop1728,1
loop1729,1
loop1730,1
loop1731,1
loop1732,1
loop1733,1
loop1734,1
loop1735,1
loop1736,1
loop1737,1
loop1738,1
loop1739,1
loop1740,1
loop1741,1
loop1742,1
loop1743,1
loop1744,1
loop1745,1
loop1746,1
loop1747,1
loop1748,1
loop1749,1
loop1750,1
loop1751,1
loop1752,1
loop1753,1
loop1754,1
loop1755,1
loop1756,1
loop1757,1
loop1758,1
loop1759,1
loop1760,1
loop1761,1
loop1762,1
loop1763,1
loop1764,1
loop1765,1
loop1766,1
loop1767,1
loop1768,1
loop1769,1
loop1770,1
loop1771,1
loop1772,1
loop1773,1
loop1774,1
loop1775,1
loop1776,1
loop1777,1
loop1778,1
loop1779,1
loop1780,1
loop1781,1
loop1782,1
loop1783,1
loop1784,1
loop1785,1
loop1786,1
loop1787,1
loop1788,1
loop1789,1
loop1790,1
loop1791,1
loop1792,1
loop1793,1
loop1794,1
loop1795,1
loop1796,1
loop1797,1
loop1798,1
loop1799,1
loop1800,1
loop1801,1
loop1802,1
loop1803,1
loop1804,1
loop1805,1
loop1806,1
loop1807,1
loop1808,1
loop1809,1
loop1810,1
loop1811,1
loop1812,1
loop1813,1
loop1814,1
loop1815,1
loop1816,1
loop1817,1
loop1818,1
loop1819,1
loop1820,1
loop1821,1
loop1822,1
loop1823,1
loop1824,1
loop1825,1
loop1826,1
loop1827,1
loop1828,1
loop1829,1
loop1830,1
loop1831,1
loop1832,1
loop1833,1
loop1834,1
loop1835,1
loop1836,1
loop1837,1
loop1838,1
loop1839,1
loop1840,1
loop1841,1
loop1842,1
loop1843,1
loop1844,1
loop1845,1
loop1846,1
loop1847,1
loop1848,1
loop1849,1
loop1850,1
loop1851,1
loop1852,1
loop1853,1
loop1854,1
loop1855,1
loop1856,1
loop1857,1
loop1858,1
loop1859,1
loop1860,1
loop1861,1
loop1862,1
loop1863,1
loop1864,1
loop1865,1
loop1866,1
loop1867,1
loop1868,1
loop1869,1
loop1870,1
loop1871,1
loop1872,1
loop1873,1
loop1874,1
loop1875,1
loop1876,1
loop1877,1
loop1878,1
loop1879,1
loop1880,1
loop1881,1
loop1882,1
loop1883,1
loop1884,1
loop1885,1
loop1886,1
loop1887,1
loop1888,1
loop1889,1
loop1890,1
loop1891,1
loop1892,1
loop1893,1
loop1894,1
loop1895,1
loop1896,1
loop1897,1
loop1898,1
loop1899,1
loop1900,1
loop1901,1
loop1902,1
loop1903,1
loop1904,1
loop1905,1
loop1906,1
loop1907,1
loop1908,1
loop1909,1
loop1910,1
loop1911,1
loop1912,1
loop1913,1
loop1914,1
loop1915,1
loop1916,1
loop1917,1
loop1918,1
loop1919,1
loop1920,1
loop1921,1
loop1922,1
loop1923,1
loop1924,1
loop1925,1
loop1926,1
loop1927,1
loop1928,1
loop1929,1
loop1930,1
loop1931,1
loop1932,1
loop1933,1
loop1934,1
loop1935,1
loop1936,1
loop1937,1
loop1938,1
loop1939,1
loop1940,1
loop1941,1
loop1942,1
loop1943,1
loop1944,1
loop1945,1
loop1946,1
loop1947,1
loop1948,1
loop1949,1
loop1950,1
loop1951,1
loop1952,1
loop1953,1
loop1954,1
loop1955,1
loop1956,1
loop1957,1
loop1958,1
loop1959,1
loop1960,1
loop1961,1
loop1962,1
loop1963,1
loop1964,1
loop1965,1
loop1966,1
loop1967,1
loop1968,1
loop1969,1
loop1970,1
loop1971,1
loop1972,1
loop1973,1
loop1974,1
loop1975,1
loop1976,1
loop1977,1
loop1978,1
loop1979,1
loop1980,1
loop1981,1
loop1982,1
loop1983,1
loop1984,1
loop1985,1
loop1986,1
loop1987,1
loop1988,1
loop1989,1
loop1990,1
loop1991,1
loop1992,1
loop1993,1
loop1994,1
loop1995,1
loop1996,1
loop1997,1
loop1998,1
loop1999,1
loop2000,1
loop2001,1
loop2002,1
loop2003,1
loop2004,1
loop2005,1
loop2006,1
loop2007,1
loop2008,1
loop2009,1
loop2010,1
loop2011,1
loop2012,1
loop2013,1
loop2014,1
loop2015,1
loop2016,1
loop2017,1
loop2018,1
loop2019,1
loop2020,1
loop2021,1
loop2022,1
loop2023,1
loop2024,1
loop2025,1
loop2026,1
loop2027,1
loop2028,1
loop2029,1
loop2030,1
loop2031,1
loop2032,1
loop2033,1
loop2034,1
loop2035,1
loop2036,1
loop2037,1
loop2038,1
loop2039,1
loop2040,1
loop2041,1
loop2042,1
loop2043,1
loop2044,1
loop2045,1
loop2046,1
loop2047,1
loop2048,1
loop2049,1
loop2050,1
loop2051,1
loop2052,1
loop2053,1
loop2054,1
loop2055,1
loop2056,1
loop2057,1
loop2058,1
loop2059,1
loop2060,1
loop2061,1
loop2062,1
loop2063,1
loop2064,1
loop2065,1
loop2066,1
loop2067,1
loop2068,1
loop2069,1
loop2070,1
loop2071,1
loop2072,1
loop2073,1
loop2074,1
loop2075,1
loop2076,1
loop2077,1
loop2078,1
loop2079,1
loop2080,1
loop2081,1
loop2082,1
loop2083,1
loop2084,1
loop2085,1
loop2086,1
loop2087,1
loop2088,1
loop2089,1
loop2090,1
loop2091,1
loop2092,1
loop2093,1
loop2094,1
loop2095,1
loop2096,1
loop2097,1
loop2098,1
loop2099,1
loop2100,1
loop2101,1
loop2102,1
loop2103,1
loop2104,1
loop2105,1
loop2106,1
loop2107,1
loop2108,1
loop2109,1
loop2110,1
loop2111,1
loop2112,1
loop2113,1
loop2114,1
loop2115,1
loop2116,1
loop2117,1
loop2118,1
loop2119,1
loop2120,1
loop2121,1
loop2122,1
loop2123,1
loop2124,1
loop2125,1
loop2126,1
loop2127,1
loop2128,1
loop2129,1
loop2130,1
loop2131,1
loop2132,1
loop2133,1
loop2134,1
loop2135,1
loop2136,1
loop2137,1
loop2138,1
loop2139,1
loop2140,1
loop2141,1
loop2142,1
loop2143,1
loop2144,1
loop2145,1
loop2146,1
loop2147,1
loop2148,1
loop2149,1
loop2150,1
loop2151,1
loop2152,1
loop2153,1
loop2154,1
loop2155,1
loop2156,1
loop2157,1
loop2158,1
loop2159,1
loop2160,1
loop2161,1
loop2162,1
loop2163,1
loop2164,1
loop2165,1
loop2166,1
loop2167,1
loop2168,1
loop2169,1
loop2170,1
loop2171,1
loop2172,1
loop2173,1
loop2174,1
loop2175,1
loop2176,1
loop2177,1
loop2178,1
loop2179,1
loop2180,1
loop2181,1
loop2182,1
loop2183,1
loop2184,1
loop2185,1
loop2186,1
loop2187,1
loop2188,1
loop2189,1
loop2190,1
loop2191,1
loop2192,1
loop2193,1
loop2194,1
loop2195,1
loop2196,1
loop2197,1
loop2198,1
loop2199,1
loop2200,1
loop2201,1
loop2202,1
loop2203,1
loop2204,1
loop2205,1
loop2206,1
loop2207,1
loop2208,1
loop2209,1
loop2210,1
loop2211,1
loop2212,1
loop2213,1
loop2214,1
loop2215,1
loop2216,1
loop2217,1
loop2218,1
loop2219,1
loop2220,1
loop2221,1
loop2222,1
loop2223,1
loop2224,1
loop2225,1
loop2226,1
loop2227,1
loop2228,1
loop2229,1
loop2230,1
loop2231,1
loop2232,1
loop2233,1
loop2234,1
loop2235,1
loop2236,1
loop2237,1
loop2238,1
loop2239,1
loop2240,1
loop2241,1
loop2242,1
loop2243,1
loop2244,1
loop2245,1
loop2246,1
loop2247,1
loop2248,1
loop2249,1
loop2250,1
loop2251,1
loop2252,1
loop2253,1
loop2254,1
loop2255,1
loop2256,1
loop2257,1
loop2258,1
loop2259,1
loop2260,1
loop2261,1
loop2262,1
loop2263,1
loop2264,1
loop2265,1
loop2266,1
loop2267,1
loop2268,1
loop2269,1
loop2270,1
loop2271,1
loop2272,1
loop2273,1
loop2274,1
loop2275,1
loop2276,1
loop2277,1
loop2278,1
loop2279,1
loop2280,1
loop2281,1
loop2282,1
loop2283,1
loop2284,1
loop2285,1
loop2286,1
loop2287,1
loop2288,1
loop2289,1
loop2290,1
loop2291,1
loop2292,1
loop2293,1
loop2294,1
loop2295,1
loop2296,1
loop2297,1
loop2298,1
loop2299,1
loop2300,1
loop2301,1
loop2302,1
loop2303,1
loop2304,1
loop2305,1
loop2306,1
loop2307,1
loop2308,1
loop2309,1
loop2310,1
loop2311,1
loop2312,1
loop2313,1
loop2314,1
loop2315,1
loop2316,1
loop2317,1
loop2318,1
loop2319,1
loop2320,1
loop2321,1
loop2322,1
loop2323,1
loop2324,1
loop2325,1
loop2326,1
loop2327,1
loop2328,1
loop2329,1
loop2330,1
loop2331,1
loop2332,1
loop2333,1
loop2334,1
loop2335,1
loop2336,1
loop2337,1
loop2338,1
loop2339,1
loop2340,1
loop2341,1
loop2342,1
loop2343,1
loop2344,1
loop2345,1
loop2346,1
loop2347,1
loop2348,1
loop2349,1
loop2350,1
loop2351,1
loop2352,1
loop2353,1
loop2354,1
loop2355,1
loop2356,1
loop2357,1
loop2358,1
loop2359,1
loop2360,1
loop2361,1
loop2362,1
loop2363,1
loop2364,1
loop2365,1
loop2366,1
loop2367,1
loop2368,1
loop2369,1
loop2370,1
loop2371,1
loop2372,1
loop2373,1
loop2374,1
loop2375,1
loop2376,1
loop2377,1
loop2378,1
loop2379,1
loop2380,1
loop2381,1
loop2382,1
loop2383,1
loop2384,1
loop2385,1
loop2386,1
loop2387,1
loop2388,1
loop2389,1
loop2390,1
loop2391,1
loop2392,1
loop2393,1
loop2394,1
loop2395,1
loop2396,1
loop2397,1
loop2398,1
loop2399,1
loop2400,1
loop2401,1
loop2402,1
loop2403,1
loop2404,1
loop2405,1
loop2406,1
loop2407,1
loop2408,1
loop2409,1
loop2410,1
loop2411,1
loop2412,1
loop2413,1
loop2414,1
loop2415,1
loop2416,1
loop2417,1
loop2418,1
loop2419,1
loop2420,1
loop2421,1
loop2422,1
loop2423,1
loop2424,1
loop2425,1
loop2426,1
loop2427,1
loop2428,1
loop2429,1
loop2430,1
loop2431,1
loop2432,1
loop2433,1
loop2434,1
loop2435,1
loop2436,1
loop2437,1
loop2438,1
loop2439,1
loop2440,1
loop2441,1
loop2442,1
loop2443,1
loop2444,1
loop2445,1
loop2446,1
loop2447,1
loop2448,1
loop2449,1
loop2450,1
loop2451,1
loop2452,1
loop2453,1
loop2454,1
loop2455,1
loop2456,1
loop2457,1
loop2458,1
loop2459,1
loop2460,1
loop2461,1
loop2462,1
loop2463,1
loop2464,1
loop2465,1
loop2466,1
loop2467,1
loop2468,1
loop2469,1
loop2470,1
loop2471,1
loop2472,1
loop2473,1
loop2474,1
loop2475,1
loop2476,1
loop2477,1
loop2478,1
loop2479,1
loop2480,1
loop2481,1
loop2482,1
loop2483,1
loop2484,1
loop2485,1
loop2486,1
loop2487,1
loop2488,1
loop2489,1
loop2490,1
loop2491,1
loop2492,1
loop2493,1
loop2494,1
loop2495,1
loop2496,1
loop2497,1
loop2498,1
loop2499,1
loop2500,1
loop2501,1
loop2502,1
loop2503,1
loop2504,1
loop2505,1
loop2506,1
loop2507,1
loop2508,1
loop2509,1
loop2510,1
loop2511,1
loop2512,1
loop2513,1
loop2514,1
loop2515,1
loop2516,1
loop2517,1
loop2518,1
loop2519,1
loop2520,1
loop2521,1
loop2522,1
loop2523,1
loop2524,1
loop2525,1
loop2526,1
loop2527,1
loop2528,1
loop2529,1
loop2530,1
loop2531,1
loop2532,1
loop2533,1
loop2534,1
loop2535,1
loop2536,1
loop2537,1
loop2538,1
loop2539,1
loop2540,1
loop2541,1
loop2542,1
loop2543,1
loop2544,1
loop2545,1
loop2546,1
loop2547,1
loop2548,1
loop2549,1
loop2550,1
loop2551,1
loop2552,1
loop2553,1
loop2554,1
loop2555,1
loop2556,1
loop2557,1
loop2558,1
loop2559,1
loop2560,1
loop2561,1
loop2562,1
loop2563,1
loop2564,1
loop2565,1
loop2566,1
loop2567,1
loop2568,1
loop2569,1
loop2570,1
loop2571,1
loop2572,1
loop2573,1
loop2574,1
loop2575,1
loop2576,1
loop2577,1
loop2578,1
loop2579,1
loop2580,1
loop2581,1
loop2582,1
loop2583,1
loop2584,1
loop2585,1
loop2586,1
loop2587,1
loop2588,1
loop2589,1
loop2590,1
loop2591,1
loop2592,1
loop2593,1
loop2594,1
loop2595,1
loop2596,1
loop2597,1
loop2598,1
loop2599,1
loop2600,1
loop2601,1
loop2602,1
loop2603,1
loop2604,1
loop2605,1
loop2606,1
loop2607,1
loop2608,1
loop2609,1
loop2610,1
loop2611,1
loop2612,1
loop2613,1
loop2614,1
loop2615,1
loop2616,1
loop2617,1
loop2618,1
loop2619,1
loop2620,1
loop2621,1
loop2622,1
loop2623,1
loop2624,1
loop2625,1
loop2626,1
loop2627,1
loop2628,1
loop2629,1
loop2630,1
loop2631,1
loop2632,1
loop2633,1
loop2634,1
loop2635,1
loop2636,1
loop2637,1
loop2638,1
loop2639,1
loop2640,1
loop2641,1
loop2642,1
loop2643,1
loop2644,1
loop2645,1
loop2646,1
loop2647,1
loop2648,1
loop2649,1
loop2650,1
loop2651,1
loop2652,1
loop2653,1
loop2654,1
loop2655,1
loop2656,1
loop2657,1
loop2658,1
loop2659,1
loop2660,1
loop2661,1
loop2662,1
loop2663,1
loop2664,1
loop2665,1
loop2666,1
loop2667,1
loop2668,1
loop2669,1
loop2670,1
loop2671,1
loop2672,1
loop2673,1
loop2674,1
loop2675,1
loop2676,1
loop2677,1
loop2678,1
loop2679,1
loop2680,1
loop2681,1
loop2682,1
loop2683,1
loop2684,1
loop2685,1
loop2686,1
loop2687,1
loop2688,1
loop2689,1
loop2690,1
loop2691,1
loop2692,1
loop2693,1
loop2694,1
loop2695,1
loop2696,1
loop2697,1
loop2698,1
loop2699,1
loop2700,1
loop2701,1
loop2702,1
loop2703,1
loop2704,1
loop2705,1
loop2706,1
loop2707,1
loop2708,1
loop2709,1
loop2710,1
loop2711,1
loop2712,1
loop2713,1
loop2714,1
loop2715,1
loop2716,1
loop2717,1
loop2718,1
loop2719,1
loop2720,1
loop2721,1
loop2722,1
loop2723,1
loop2724,1
loop2725,1
loop2726,0
loop2727,0
loop2728,0
loop2729,0
loop2730,0
loop2731,0
loop2732,0
loop2733,0
loop2734,0
loop2735,0
loop2736,0
loop2737,0
loop2738,0
loop2739,0
loop2740,0
loop2741,0
loop2742,0
loop2743,0
loop2744,0
loop2745,0
loop2746,0
loop2747,0
loop2748,0
loop2749,0
loop2750,0
loop2751,0
loop2752,0
loop2753,0
loop2754,0
loop2755,0
loop2756,0
loop2757,0
loop2758,0
loop2759,0
loop2760,0
loop2761,0
loop2762,0
loop2763,0
loop2764,0
loop2765,0
loop2766,0
loop2767,0
loop2768,0
loop2769,0
loop2770,0
loop2771,0
loop2772,0
loop2773,0
loop2774,0
loop2775,0
loop2776,0
loop2777,0
loop2778,0
loop2779,0
loop2780,0
loop2781,0
loop2782,0
loop2783,0
loop2784,0
loop2785,0
loop2786,0
loop2787,0
loop2788,0
loop2789,0
loop2790,0
loop2791,0
loop2792,0
loop2793,0
loop2794,0
loop2795,0
loop2796,0
loop2797,0
loop2798,0
loop2799,0
loop2800,0
loop2801,0
loop2802,0
loop2803,0
loop2804,0
loop2805,0
loop2806,0
loop2807,0
loop2808,0
loop2809,0
loop2810,0
loop2811,0
loop2812,0
loop2813,0
loop2814,0
loop2815,0
loop2816,0
loop2817,0
loop2818,0
loop2819,0
loop2820,0
loop2821,0
loop2822,0
loop2823,0
loop2824,0
loop2825,0
loop2826,0
loop2827,0
loop2828,0
loop2829,0
loop2830,0
loop2831,0
loop2832,0
loop2833,0
loop2834,0
loop2835,0
loop2836,0
loop2837,0
loop2838,0
loop2839,0
loop2840,0
loop2841,0
loop2842,0
loop2843,0
loop2844,0
loop2845,0
loop2846,0
loop2847,0
loop2848,0
loop2849,0
loop2850,0
loop2851,0
loop2852,0
loop2853,0
loop2854,0
loop2855,0
loop2856,0
loop2857,0
loop2858,0
loop2859,0
loop2860,0
loop2861,0
loop2862,0
loop2863,0
loop2864,0
loop2865,0
loop2866,0
loop2867,0
loop2868,0
loop2869,0
loop2870,0
loop2871,0
loop2872,0
loop2873,0
loop2874,0
loop2875,0
loop2876,0
loop2877,0
loop2878,0
loop2879,0
loop2880,0
loop2881,0
loop2882,0
loop2883,0
loop2884,0
loop2885,0
loop2886,0
loop2887,0
loop2888,0
loop2889,0
loop2890,0
loop2891,0
loop2892,0
loop2893,0
loop2894,0
loop2895,0
loop2896,0
loop2897,0
loop2898,0
loop2899,0
loop2900,0
loop2901,0
loop2902,0
loop2903,0
loop2904,0
loop2905,0
loop2906,0
loop2907,0
loop2908,0
loop2909,0
loop2910,0
loop2911,0
loop2912,0
loop2913,0
loop2914,0
loop2915,0
loop2916,0
loop2917,0
loop2918,0
loop2919,0
loop2920,0
loop2921,0
loop2922,0
loop2923,0
loop2924,0
loop2925,0
loop2926,0
loop2927,0
loop2928,0
loop2929,0
loop2930,0
loop2931,0
loop2932,0
loop2933,0
loop2934,0
loop2935,0
loop2936,0
loop2937,0
loop2938,0
loop2939,0
loop2940,0
loop2941,0
loop2942,0
loop2943,0
loop2944,0
loop2945,0
loop2946,0
loop2947,0
loop2948,0
loop2949,0
loop2950,0
loop2951,0
loop2952,0
loop2953,0
loop2954,0
loop2955,0
loop2956,0
loop2957,0
loop2958,0
loop2959,0
loop2960,0
loop2961,0
loop2962,0
loop2963,0
loop2964,0
loop2965,0
loop2966,0
loop2967,0
loop2968,0
loop2969,0
loop2970,0
loop2971,0
loop2972,0
loop2973,0
loop2974,0
loop2975,0
loop2976,0
loop2977,0
loop2978,0
loop2979,0
loop2980,0
loop2981,0
loop2982,0
loop2983,0
loop2984,0
loop2985,0
loop2986,0
loop2987,0
loop2988,0
loop2989,0
loop2990,0
loop2991,0
loop2992,0
loop2993,0
loop2994,0
loop2995,0
loop2996,0
loop2997,0
loop2998,0
loop2999,0
loop3000,0
loop3001,0
loop3002,0
loop3003,0
loop3004,0
loop3005,0
loop3006,0
loop3007,0
loop3008,0
loop3009,0
loop3010,0
loop3011,0
loop3012,0
loop3013,0
loop3014,0
loop3015,0
loop3016,0
loop3017,0
loop3018,0
loop3019,0
loop3020,0
loop3021,0
loop3022,0
loop3023,0
loop3024,0
loop3025,0
loop3026,0
loop3027,0
loop3028,0
loop3029,0
loop3030,0
loop3031,0
loop3032,0
loop3033,0
loop3034,0
loop3035,0
loop3036,0
loop3037,0
loop3038,0
loop3039,0
loop3040,0
loop3041,0
loop3042,0
loop3043,0
loop3044,0
loop3045,0
loop3046,0
loop3047,0
loop3048,0
loop3049,0
loop3050,0
loop3051,0
loop3052,0
loop3053,0
loop3054,0
loop3055,0
loop3056,0
loop3057,0
loop3058,0
loop3059,0
loop3060,0
loop3061,0
loop3062,0
loop3063,0
loop3064,0
loop3065,0
loop3066,0
loop3067,0
loop3068,0
loop3069,0
loop3070,0
loop3071,0
loop3072,0
loop3073,0
loop3074,0
loop3075,0
loop3076,0
loop3077,0
loop3078,0
loop3079,0
loop3080,0
loop3081,0
loop3082,0
loop3083,0
loop3084,0
loop3085,0
loop3086,0
loop3087,0
loop3088,0
loop3089,0
loop3090,0
loop3091,0
loop3092,0
loop3093,0
loop3094,0
loop3095,0
loop3096,0
loop3097,0
loop3098,0
loop3099,0
loop3100,0
loop3101,0
loop3102,0
loop3103,0
loop3104,0
loop3105,0
loop3106,0
loop3107,0
loop3108,0
loop3109,0
loop3110,0
loop3111,0
loop3112,0
loop3113,0
loop3114,0
loop3115,0
loop3116,0
loop3117,0
loop3118,0
loop3119,0
loop3120,0
loop3121,0
loop3122,0
loop3123,0
loop3124,0
loop3125,0
loop3126,0
loop3127,0
loop3128,0
loop3129,0
loop3130,0
loop3131,0
loop3132,0
loop3133,0
loop3134,0
loop3135,0
loop3136,0
loop3137,0
loop3138,0
loop3139,0
loop3140,0
loop3141,0
loop3142,0
loop3143,0
loop3144,0
loop3145,0
loop3146,0
loop3147,0
loop3148,0
loop3149,0
loop3150,0
loop3151,0
loop3152,0
loop3153,0
loop3154,0
loop3155,0
loop3156,0
loop3157,0
loop3158,0
loop3159,0
loop3160,0
loop3161,0
loop3162,0
loop3163,0
loop3164,0
loop3165,0
loop3166,0
loop3167,0
loop3168,0
loop3169,0
loop3170,0
loop3171,0
loop3172,0
loop3173,0
loop3174,0
loop3175,0
loop3176,0
loop3177,0
loop3178,0
loop3179,0
loop3180,0
loop3181,0
loop3182,0
loop3183,0
loop3184,0
loop3185,0
loop3186,0
loop3187,0
loop3188,0
loop3189,0
loop3190,0
loop3191,0
loop3192,0
loop3193,0
loop3194,0
loop3195,0
loop3196,0
loop3197,0
loop3198,0
loop3199,0
loop3200,0
loop3201,0
loop3202,0
loop3203,0
loop3204,0
loop3205,0
loop3206,0
loop3207,0
loop3208,0
loop3209,0
loop3210,0
loop3211,0
loop3212,0
loop3213,0
loop3214,0
loop3215,0
loop3216,0
loop3217,0
loop3218,0
loop3219,0
loop3220,0
loop3221,0
loop3222,0
loop3223,0
loop3224,0
loop3225,0
loop3226,0
loop3227,0
loop3228,0
loop3229,0
loop3230,0
loop3231,0
loop3232,0
loop3233,0
loop3234,0
loop3235,0
loop3236,0
loop3237,0
loop3238,0
loop3239,0
loop3240,0
loop3241,0
loop3242,0
loop3243,0
loop3244,0
loop3245,0
loop3246,0
loop3247,0
loop3248,0
loop3249,0
loop3250,0
loop3251,0
loop3252,0
loop3253,0
loop3254,0
loop3255,0
loop3256,0
loop3257,0
loop3258,0
loop3259,0
loop3260,0
loop3261,0
loop3262,0
loop3263,0
loop3264,0
loop3265,0
loop3266,0
loop3267,0
loop3268,0
loop3269,0
loop3270,0
loop3271,0
loop3272,0
loop3273,0
loop3274,0
loop3275,0
loop3276,0
loop3277,0
loop3278,0
loop3279,0
loop3280,0
loop3281,0
loop3282,0
loop3283,0
loop3284,0
loop3285,0
loop3286,0
loop3287,0
loop3288,0
loop3289,0
loop3290,0
loop3291,0
loop3292,0
loop3293,0
loop3294,0
loop3295,0
loop3296,0
loop3297,0
loop3298,0
loop3299,0
loop3300,0
loop3301,0
loop3302,0
loop3303,0
loop3304,0
loop3305,0
loop3306,0
loop3307,0
loop3308,0
loop3309,0
loop3310,0
loop3311,0
loop3312,0
loop3313,0
loop3314,0
loop3315,0
loop3316,0
loop3317,0
loop3318,0
loop3319,0
loop3320,0
loop3321,0
loop3322,0
loop3323,0
loop3324,0
loop3325,0
loop3326,0
loop3327,0
loop3328,0
loop3329,0
loop3330,0
loop3331,0
loop3332,0
loop3333,0
loop3334,0
loop3335,0
loop3336,0
loop3337,0
loop3338,0
loop3339,0
loop3340,0
loop3341,0
loop3342,0
loop3343,0
loop3344,0
loop3345,0
loop3346,0
loop3347,0
loop3348,0
loop3349,0
loop3350,0
loop3351,0
loop3352,0
loop3353,0
loop3354,0
loop3355,0
loop3356,0
loop3357,0
loop3358,0
loop3359,0
loop3360,0
loop3361,0
loop3362,0
loop3363,0
loop3364,0
loop3365,0
loop3366,0
loop3367,0
loop3368,0
loop3369,0
loop3370,0
loop3371,0
loop3372,0
loop3373,0
loop3374,0
loop3375,0
loop3376,0
loop3377,0
loop3378,0
loop3379,0
loop3380,0
loop3381,0
loop3382,0
loop3383,0
loop3384,0
loop3385,0
loop3386,0
loop3387,0
loop3388,0
loop3389,0
loop3390,0
loop3391,0
loop3392,0
loop3393,0
loop3394,0
loop3395,0
loop3396,0
loop3397,0
loop3398,0
loop3399,0
loop3400,0
loop3401,0
loop3402,0
loop3403,0
loop3404,0
loop3405,0
loop3406,0
loop3407,0
loop3408,0
loop3409,0
loop3410,0
loop3411,0
loop3412,0
loop3413,0
loop3414,0
loop3415,0
loop3416,0
loop3417,0
loop3418,0
loop3419,0
loop3420,0
loop3421,0
loop3422,0
loop3423,0
loop3424,0
loop3425,0
loop3426,0
loop3427,0
loop3428,0
loop3429,0
loop3430,0
loop3431,0
loop3432,0
loop3433,0
loop3434,0
loop3435,0
loop3436,0
loop3437,0
loop3438,0
loop3439,0
loop3440,0
loop3441,0
loop3442,0
loop3443,0
loop3444,0
loop3445,0
loop3446,0
loop3447,0
loop3448,0
loop3449,0
loop3450,0
loop3451,0
loop3452,0
loop3453,0
loop3454,0
loop3455,0
loop3456,0
loop3457,0
loop3458,0
loop3459,0
loop3460,0
loop3461,0
loop3462,0
loop3463,0
loop3464,0
loop3465,0
loop3466,0
loop3467,0
loop3468,0
loop3469,0
loop3470,0
loop3471,0
loop3472,0
loop3473,0
loop3474,0
loop3475,0
loop3476,0
loop3477,0
loop3478,0
loop3479,0
loop3480,0
loop3481,0
loop3482,0
loop3483,0
loop3484,0
loop3485,0
loop3486,0
loop3487,0
loop3488,0
loop3489,0
loop3490,0
loop3491,0
loop3492,0
loop3493,0
loop3494,0
loop3495,0
loop3496,0
loop3497,0
loop3498,0
loop3499,0
loop3500,0
loop3501,0
loop3502,0
loop3503,0
loop3504,0
loop3505,0
loop3506,0
loop3507,0
loop3508,0
loop3509,0
loop3510,0
loop3511,0
loop3512,0
loop3513,0
loop3514,0
loop3515,0
loop3516,0
loop3517,0
loop3518,0
loop3519,0
loop3520,0
loop3521,0
loop3522,0
loop3523,0
loop3524,0
loop3525,0
loop3526,0
loop3527,0
loop3528,0
loop3529,0
loop3530,0
loop3531,0
loop3532,0
loop3533,0
loop3534,0
loop3535,0
loop3536,0
loop3537,0
loop3538,0
loop3539,0
loop3540,0
loop3541,0
loop3542,0
loop3543,0
loop3544,0
loop3545,0
loop3546,0
loop3547,0
loop3548,0
loop3549,0
loop3550,0
loop3551,0
loop3552,0
loop3553,0
loop3554,0
loop3555,0
loop3556,0
loop3557,0
loop3558,0
loop3559,0
loop3560,0
loop3561,0
loop3562,0
loop3563,0
loop3564,0
loop3565,0
loop3566,0
loop3567,0
loop3568,0
loop3569,0
loop3570,0
loop3571,0
loop3572,0
loop3573,0
loop3574,0
loop3575,0
loop3576,0
loop3577,0
loop3578,0
loop3579,0
loop3580,0
loop3581,0
loop3582,0
loop3583,0
loop3584,0
loop3585,0
loop3586,0
loop3587,0
loop3588,0
loop3589,0
loop3590,0
loop3591,0
loop3592,0
loop3593,0
loop3594,0
loop3595,0
loop3596,0
loop3597,0
loop3598,0
loop3599,0
loop3600,0
loop3601,0
loop3602,0
loop3603,0
loop3604,0
loop3605,0
loop3606,0
loop3607,0
loop3608,0
loop3609,0
loop3610,0
loop3611,0
loop3612,0
loop3613,0
loop3614,0
loop3615,0
loop3616,0
loop3617,0
loop3618,0
loop3619,0
loop3620,0
loop3621,0
loop3622,0
loop3623,0
loop3624,0
loop3625,0
loop3626,0
loop3627,0
loop3628,0
loop3629,0
loop3630,0
loop3631,0
loop3632,0
loop3633,0
loop3634,0
loop3635,0
loop3636,0
loop3637,0
loop3638,0
loop3639,0
loop3640,0
loop3641,0
loop3642,0
loop3643,0
loop3644,0
loop3645,0
loop3646,0
loop3647,0
loop3648,0
loop3649,0
loop3650,0
loop3651,0
loop3652,0
loop3653,0
loop3654,0
loop3655,0
loop3656,0
loop3657,0
loop3658,0
loop3659,0
loop3660,0
loop3661,0
loop3662,0
loop3663,0
loop3664,0
loop3665,0
loop3666,0
loop3667,0
loop3668,0
loop3669,0
loop3670,0
loop3671,0
loop3672,0
loop3673,0
loop3674,0
loop3675,0
loop3676,0
loop3677,0
loop3678,0
loop3679,0
loop3680,0
loop3681,0
loop3682,0
loop3683,0
loop3684,0
loop3685,0
loop3686,0
loop3687,0
loop3688,0
loop3689,0
loop3690,0
loop3691,0
loop3692,0
loop3693,0
loop3694,0
loop3695,0
loop3696,0
loop3697,0
loop3698,0
loop3699,0
loop3700,0
loop3701,0
loop3702,0
loop3703,0
loop3704,0
loop3705,0
loop3706,0
loop3707,0
loop3708,0
loop3709,0
loop3710,0
loop3711,0
loop3712,0
loop3713,0
loop3714,0
loop3715,0
loop3716,0
loop3717,0
loop3718,0
loop3719,0
loop3720,0
loop3721,0
loop3722,0
loop3723,0
loop3724,0
loop3725,0
loop3726,0
loop3727,0
loop3728,0
loop3729,0
loop3730,0
loop3731,0
loop3732,0
loop3733,0
loop3734,0
loop3735,0
loop3736,0
loop3737,0
loop3738,0
loop3739,0
loop3740,0
loop3741,0
loop3742,0
loop3743,0
loop3744,0
loop3745,0
loop3746,0
loop3747,0
loop3748,0
loop3749,0
loop3750,0
loop3751,0
loop3752,0
loop3753,0
loop3754,0
loop3755,0
loop3756,0
loop3757,0
loop3758,0
loop3759,0
loop3760,0
loop3761,0
loop3762,0
loop3763,0
loop3764,0
loop3765,0
loop3766,0
loop3767,0
loop3768,0
loop3769,0
loop3770,0
loop3771,0
loop3772,0
loop3773,0
loop3774,0
loop3775,0
loop3776,0
loop3777,0
loop3778,0
loop3779,0
loop3780,0
loop3781,0
loop3782,0
loop3783,0
loop3784,0
loop3785,0
loop3786,0
loop3787,0
loop3788,0
loop3789,0
loop3790,0
loop3791,0
loop3792,0
loop3793,0
loop3794,0
loop3795,0
loop3796,0
loop3797,0
loop3798,0
loop3799,0
loop3800,0
loop3801,0
loop3802,0
loop3803,0
loop3804,0
loop3805,0
loop3806,0
loop3807,0
loop3808,0
loop3809,0
loop3810,0
loop3811,0
loop3812,0
loop3813,0
loop3814,0
loop3815,0
loop3816,0
loop3817,0
loop3818,0
loop3819,0
loop3820,0
loop3821,0
loop3822,0
loop3823,0
loop3824,0
loop3825,0
loop3826,0
loop3827,0
loop3828,0
loop3829,0
loop3830,0
loop3831,0
loop3832,0
loop3833,0
loop3834,0
loop3835,0
loop3836,0
loop3837,0
loop3838,0
loop3839,0
loop3840,0
loop3841,0
loop3842,0
loop3843,0
loop3844,0
loop3845,0
loop3846,0
loop3847,0
loop3848,0
loop3849,0
loop3850,0
loop3851,0
loop3852,0
loop3853,0
loop3854,0
loop3855,0
loop3856,0
loop3857,0
loop3858,0
loop3859,0
loop3860,0
loop3861,0
loop3862,0
loop3863,0
loop3864,0
loop3865,0
loop3866,0
loop3867,0
loop3868,0
loop3869,0
loop3870,0
loop3871,0
loop3872,0
loop3873,0
loop3874,0
loop3875,0
loop3876,0
loop3877,0
loop3878,0
loop3879,0
loop3880,0
loop3881,0
loop3882,0
loop3883,0
loop3884,0
loop3885,0
loop3886,0
loop3887,0
loop3888,0
loop3889,0
loop3890,0
loop3891,0
loop3892,0
loop3893,0
loop3894,0
loop3895,0
loop3896,0
loop3897,0
loop3898,0
loop3899,0
loop3900,0
loop3901,0
loop3902,0
loop3903,0
loop3904,0
loop3905,0
loop3906,0
loop3907,0
loop3908,0
loop3909,0
loop3910,0
loop3911,0
loop3912,0
loop3913,0
loop3914,0
loop3915,0
loop3916,0
loop3917,0
loop3918,0
loop3919,0
loop3920,0
loop3921,0
loop3922,0
loop3923,0
loop3924,0
loop3925,0
loop3926,0
loop3927,0
loop3928,0
loop3929,0
loop3930,0
loop3931,0
loop3932,0
loop3933,0
loop3934,0
loop3935,0
loop3936,0
loop3937,0
loop3938,0
loop3939,0
loop3940,0
loop3941,0
loop3942,0
loop3943,0
loop3944,0
loop3945,0
loop3946,0
loop3947,0
loop3948,0
loop3949,0
loop3950,0
loop3951,0
loop3952,0
loop3953,0
loop3954,0
loop3955,0
loop3956,0
loop3957,0
loop3958,0
loop3959,0
loop3960,0
loop3961,0
loop3962,0
loop3963,0
loop3964,0
loop3965,0
loop3966,0
loop3967,0
loop3968,0
loop3969,0
loop3970,0
loop3971,0
loop3972,0
loop3973,0
loop3974,0
loop3975,0
loop3976,0
loop3977,0
loop3978,0
loop3979,0
loop3980,0
loop3981,0
loop3982,0
loop3983,0
loop3984,0
loop3985,0
loop3986,0
loop3987,0
loop3988,0
loop3989,0
loop3990,0
loop3991,0
loop3992,0
loop3993,0
loop3994,0
loop3995,0
loop3996,0
loop3997,0
loop3998,0
loop3999,0
loop4000,0
loop4001,0
loop4002,0
loop4003,0
loop4004,0
loop4005,0
loop4006,0
loop4007,0
loop4008,0
loop4009,0
loop4010,0
loop4011,0
loop4012,0
loop4013,0
loop4014,0
loop4015,0
loop4016,0
loop4017,0
loop4018,0
loop4019,0
loop4020,0
loop4021,0
loop4022,0
loop4023,0
loop4024,0
loop4025,0
loop4026,0
loop4027,0
loop4028,0
loop4029,0
loop4030,0
loop4031,0
loop4032,0
loop4033,0
loop4034,0
loop4035,0
loop4036,0
loop4037,0
loop4038,0
loop4039,0
loop4040,0
loop4041,0
loop4042,0
loop4043,0
loop4044,0
loop4045,0
loop4046,0
loop4047,0
loop4048,0
loop4049,0
loop4050,0
loop4051,0
loop4052,0
loop4053,0
loop4054,0
loop4055,0
loop4056,0
loop4057,0
loop4058,0
loop4059,0
loop4060,0
loop4061,0
loop4062,0
loop4063,0
loop4064,0
loop4065,0
loop4066,0
loop4067,0
loop4068,0
loop4069,0
loop4070,0
loop4071,0
loop4072,0
loop4073,0
loop4074,0
loop4075,0
loop4076,0
loop4077,0
loop4078,0
loop4079,0
loop4080,0
loop4081,0
loop4082,0
loop4083,0
loop4084,0
loop4085,0
loop4086,0
loop4087,0
loop4088,0
loop4089,0
loop4090,0
loop4091,0
loop4092,0
loop4093,0
loop4094,0
loop4095,0
loop4096,0
loop4097,0
loop4098,0
loop4099,0
loop4100,0
loop4101,0
loop4102,0
loop4103,0
loop4104,0
loop4105,0
loop4106,0
loop4107,0
loop4108,0
loop4109,0
loop4110,0
loop4111,0
loop4112,0
loop4113,0
loop4114,0
loop4115,0
loop4116,0
loop4117,0
loop4118,0
loop4119,0
loop4120,0
loop4121,0
loop4122,0
loop4123,0
loop4124,0
loop4125,0
loop4126,0
loop4127,0
loop4128,0
loop4129,0
loop4130,0
loop4131,0
loop4132,0
loop4133,0
loop4134,0
loop4135,0
loop4136,0
loop4137,0
loop4138,0
loop4139,0
loop4140,0
loop4141,0
loop4142,0
loop4143,0
loop4144,0
loop4145,0
loop4146,0
loop4147,0
loop4148,0
loop4149,0
loop4150,0
loop4151,0
loop4152,0
loop4153,0
loop4154,0
loop4155,0
loop4156,0
loop4157,0
loop4158,0
loop4159,0
loop4160,0
loop4161,0
loop4162,0
loop4163,0
loop4164,0
loop4165,0
loop4166,0
loop4167,0
loop4168,0
loop4169,0
loop4170,0
loop4171,0
loop4172,0
loop4173,0
loop4174,0
loop4175,0
loop4176,0
loop4177,0
loop4178,0
loop4179,0
loop4180,0
loop4181,0
loop4182,0
loop4183,0
loop4184,0
loop4185,0
loop4186,0
loop4187,0
loop4188,0
loop4189,0
loop4190,0
loop4191,0
loop4192,0
loop4193,0
loop4194,0
loop4195,0
loop4196,0
loop4197,0
loop4198,0
loop4199,0
loop4200,0
loop4201,0
loop4202,0
loop4203,0
loop4204,0
loop4205,0
loop4206,0
loop4207,0
loop4208,0
loop4209,0
loop4210,0
loop4211,0
loop4212,0
loop4213,0
loop4214,0
loop4215,0
loop4216,0
loop4217,0
loop4218,0
loop4219,0
loop4220,0
loop4221,0
loop4222,0
loop4223,0
loop4224,0
loop4225,0
loop4226,0
loop4227,0
loop4228,0
loop4229,0
loop4230,0
loop4231,0
loop4232,0
loop4233,0
loop4234,0
loop4235,0
loop4236,0
loop4237,0
loop4238,0
loop4239,0
loop4240,0
loop4241,0
loop4242,0
loop4243,0
loop4244,0
loop4245,0
loop4246,0
loop4247,0
loop4248,0
loop4249,0
loop4250,0
loop4251,0
loop4252,0
loop4253,0
loop4254,0
loop4255,0
loop4256,0
loop4257,0
loop4258,0
loop4259,0
loop4260,0
loop4261,0
loop4262,0
loop4263,0
loop4264,0
loop4265,0
loop4266,0
loop4267,0
loop4268,0
loop4269,0
loop4270,0
loop4271,0
loop4272,0
loop4273,0
loop4274,0
loop4275,0
loop4276,0
loop4277,0
loop4278,0
loop4279,0
loop4280,0
loop4281,0
loop4282,0
loop4283,0
loop4284,0
loop4285,0
loop4286,0
loop4287,0
loop4288,0
loop4289,0
loop4290,0
loop4291,0
loop4292,0
loop4293,0
loop4294,0
loop4295,0
loop4296,0
loop4297,0
loop4298,0
loop4299,0
loop4300,0
loop4301,0
loop4302,0
loop4303,0
loop4304,0
loop4305,0
loop4306,0
loop4307,0
loop4308,0
loop4309,0
loop4310,0
loop4311,0
loop4312,0
loop4313,0
loop4314,0
loop4315,0
loop4316,0
loop4317,0
loop4318,0
loop4319,0
loop4320,0
loop4321,0
loop4322,0
loop4323,0
loop4324,0
loop4325,0
loop4326,0
loop4327,0
loop4328,0
loop4329,0
loop4330,0
loop4331,0
loop4332,0
loop4333,0
loop4334,0
loop4335,0
loop4336,0
loop4337,0
loop4338,0
loop4339,0
loop4340,0
loop4341,0
loop4342,0
loop4343,0
loop4344,0
loop4345,0
loop4346,0
loop4347,0
loop4348,0
loop4349,0
loop4350,0
loop4351,0
loop4352,0
loop4353,0
loop4354,0
loop4355,0
loop4356,0
loop4357,0
loop4358,0
loop4359,0
loop4360,0
loop4361,0
loop4362,0
loop4363,0
loop4364,0
loop4365,0
loop4366,0
loop4367,0
loop4368,0
loop4369,0
loop4370,0
loop4371,0
loop4372,0
loop4373,0
loop4374,0
loop4375,0
loop4376,0
loop4377,0
loop4378,0
loop4379,0
loop4380,0
loop4381,0
loop4382,0
loop4383,0
loop4384,0
loop4385,0
loop4386,0
loop4387,0
loop4388,0
loop4389,0
loop4390,0
loop4391,0
loop4392,0
loop4393,0
loop4394,0
loop4395,0
loop4396,0
loop4397,0
loop4398,0
loop4399,0
loop4400,0
loop4401,0
loop4402,0
loop4403,0
loop4404,0
loop4405,0
loop4406,0
loop4407,0
loop4408,0
loop4409,0
loop4410,0
loop4411,0
loop4412,0
loop4413,0
loop4414,0
loop4415,0
loop4416,0
loop4417,0
loop4418,0
loop4419,0
loop4420,0
loop4421,0
loop4422,0
loop4423,0
loop4424,0
loop4425,0
loop4426,0
loop4427,0
loop4428,0
loop4429,0
loop4430,0
loop4431,0
loop4432,0
loop4433,0
loop4434,0
loop4435,0
loop4436,0
loop4437,0
loop4438,0
loop4439,0
loop4440,0
loop4441,0
loop4442,0
loop4443,0
loop4444,0
loop4445,0
loop4446,0
loop4447,0
loop4448,0
loop4449,0
loop4450,0
loop4451,0
loop4452,0
loop4453,0
loop4454,0
loop4455,0
loop4456,0
loop4457,0
loop4458,0
loop4459,0
loop4460,0
loop4461,0
loop4462,0
loop4463,0
loop4464,0
loop4465,0
loop4466,0
loop4467,0
loop4468,0
loop4469,0
loop4470,0
loop4471,0
loop4472,0
loop4473,0
loop4474,0
loop4475,0
loop4476,0
loop4477,0
loop4478,0
loop4479,0
loop4480,0
loop4481,0
loop4482,0
loop4483,0
loop4484,0
loop4485,0
loop4486,0
loop4487,0
loop4488,0
loop4489,0
loop4490,0
loop4491,0
loop4492,0
loop4493,0
loop4494,0
loop4495,0
loop4496,0
loop4497,0
loop4498,0
loop4499,0
loop4500,0
loop4501,0
loop4502,0
loop4503,0
loop4504,0
loop4505,0
loop4506,0
loop4507,0
loop4508,0
loop4509,0
loop4510,0
loop4511,0
loop4512,0
loop4513,0
loop4514,0
loop4515,0
loop4516,0
loop4517,0
loop4518,0
loop4519,0
loop4520,0
loop4521,0
loop4522,0
loop4523,0
loop4524,0
loop4525,0
loop4526,0
loop4527,0
loop4528,0
loop4529,0
loop4530,0
loop4531,0
loop4532,0
loop4533,0
loop4534,0
loop4535,0
loop4536,0
loop4537,0
loop4538,0
loop4539,0
loop4540,0
loop4541,0
loop4542,0
loop4543,0
loop4544,0
loop4545,0
loop4546,0
loop4547,0
loop4548,0
loop4549,0
loop4550,0
loop4551,0
loop4552,0
loop4553,0
loop4554,0
loop4555,0
loop4556,0
loop4557,0
loop4558,0
loop4559,0
loop4560,0
loop4561,0
loop4562,0
loop4563,0
loop4564,0
loop4565,0
loop4566,0
loop4567,0
loop4568,0
loop4569,0
loop4570,0
loop4571,0
loop4572,0
loop4573,0
loop4574,0
loop4575,0
loop4576,0
loop4577,0
loop4578,0
loop4579,0
loop4580,0
loop4581,0
loop4582,0
loop4583,0
loop4584,0
loop4585,0
loop4586,0
loop4587,0
loop4588,0
loop4589,0
loop4590,0
loop4591,0
loop4592,0
loop4593,0
loop4594,0
loop4595,0
loop4596,0
loop4597,0
loop4598,0
loop4599,0
loop4600,0
loop4601,0
loop4602,0
loop4603,0
loop4604,0
loop4605,0
loop4606,0
loop4607,0
loop4608,0
loop4609,0
loop4610,0
loop4611,0
loop4612,0
loop4613,0
loop4614,0
loop4615,0
loop4616,0
loop4617,0
loop4618,0
loop4619,0
loop4620,0
loop4621,0
loop4622,0
loop4623,0
loop4624,0
loop4625,0
loop4626,0
loop4627,0
loop4628,0
loop4629,0
loop4630,0
loop4631,0
loop4632,0
loop4633,0
loop4634,0
loop4635,0
loop4636,0
loop4637,0
loop4638,0
loop4639,0
loop4640,0
loop4641,0
loop4642,0
loop4643,0
loop4644,0
loop4645,0
loop4646,0
loop4647,0
loop4648,0
loop4649,0
loop4650,0
loop4651,0
loop4652,0
loop4653,0
loop4654,0
loop4655,0
loop4656,0
loop4657,0
loop4658,0
loop4659,0
loop4660,0
loop4661,0
loop4662,0
loop4663,0
loop4664,0
loop4665,0
loop4666,0
loop4667,0
loop4668,0
loop4669,0
loop4670,0
loop4671,0
loop4672,0
loop4673,0
loop4674,0
loop4675,0
loop4676,0
loop4677,0
loop4678,0
loop4679,0
loop4680,0
loop4681,0
loop4682,0
loop4683,0
loop4684,0
loop4685,0
loop4686,0
loop4687,0
loop4688,0
loop4689,0
loop4690,0
loop4691,0
loop4692,0
loop4693,0
loop4694,0
loop4695,0
loop4696,0
loop4697,0
loop4698,0
loop4699,0
loop4700,0
loop4701,0
loop4702,0
loop4703,0
loop4704,0
loop4705,0
loop4706,0
loop4707,0
loop4708,0
loop4709,0
loop4710,0
loop4711,0
loop4712,0
loop4713,0
loop4714,0
loop4715,0
loop4716,0
loop4717,0
loop4718,0
loop4719,0
loop4720,0
loop4721,0
loop4722,0
loop4723,0
loop4724,0
loop4725,0
loop4726,0
loop4727,0
loop4728,0
loop4729,0
loop4730,0
loop4731,0
loop4732,0
loop4733,0
loop4734,0
loop4735,0
loop4736,0
loop4737,0
loop4738,0
loop4739,0
loop4740,0
loop4741,0
loop4742,0
loop4743,0
loop4744,0
loop4745,0
loop4746,0
loop4747,0
loop4748,0
loop4749,0
loop4750,0
loop4751,0
loop4752,0
loop4753,0
loop4754,0
loop4755,0
loop4756,0
loop4757,0
loop4758,0
loop4759,0
loop4760,0
loop4761,0
loop4762,0
loop4763,0
loop4764,0
loop4765,0
loop4766,0
loop4767,0
loop4768,0
loop4769,0
loop4770,0
loop4771,0
loop4772,0
loop4773,0
loop4774,0
loop4775,0
loop4776,0
loop4777,0
loop4778,0
loop4779,0
loop4780,0
loop4781,0
loop4782,0
loop4783,0
loop4784,0
loop4785,0
loop4786,0
loop4787,0
loop4788,0
loop4789,0
loop4790,0
loop4791,0
loop4792,0
loop4793,0
loop4794,0
loop4795,0
loop4796,0
loop4797,0
loop4798,0
loop4799,0
loop4800,0
loop4801,0
loop4802,0
loop4803,0
loop4804,0
loop4805,0
loop4806,0
loop4807,0
loop4808,0
loop4809,0
loop4810,0
loop4811,0
loop4812,0
loop4813,0
loop4814,0
loop4815,0
loop4816,0
loop4817,0
loop4818,0
loop4819,0
loop4820,0
loop4821,0
loop4822,0
loop4823,0
loop4824,0
loop4825,0
loop4826,0
loop4827,0
loop4828,0
loop4829,0
loop4830,0
loop4831,0
loop4832,0
loop4833,0
loop4834,0
loop4835,0
loop4836,0
loop4837,0
loop4838,0
loop4839,0
loop4840,0
loop4841,0
loop4842,0
loop4843,0
loop4844,0
loop4845,0
loop4846,0
loop4847,0
loop4848,0
loop4849,0
loop4850,0
loop4851,0
loop4852,0
loop4853,0
loop4854,0
loop4855,0
loop4856,0
loop4857,0
loop4858,0
loop4859,0
loop4860,0
loop4861,0
loop4862,0
loop4863,0
loop4864,0
loop4865,0
loop4866,0
loop4867,0
loop4868,0
loop4869,0
loop4870,0
loop4871,0
loop4872,0
loop4873,0
loop4874,0
loop4875,0
loop4876,0
loop4877,0
loop4878,0
loop4879,0
loop4880,0
loop4881,0
loop4882,0
loop4883,0
loop4884,0
loop4885,0
loop4886,0
loop4887,0
loop4888,0
loop4889,0
loop4890,0
loop4891,0
loop4892,0
loop4893,0
loop4894,0
loop4895,0
loop4896,0
loop4897,0
loop4898,0
loop4899,0
loop4900,0
loop4901,0
loop4902,0
loop4903,0
loop4904,0
loop4905,0
loop4906,0
loop4907,0
loop4908,0
loop4909,0
loop4910,0
loop4911,0
loop4912,0
loop4913,0
loop4914,0
loop4915,0
loop4916,0
loop4917,0
loop4918,0
loop4919,0
loop4920,0
loop4921,0
loop4922,0
loop4923,0
loop4924,0
loop4925,0
loop4926,0
loop4927,0
loop4928,0
loop4929,0
loop4930,0
loop4931,0
loop4932,0
loop4933,0
loop4934,0
loop4935,0
loop4936,0
loop4937,0
loop4938,0
loop4939,0
loop4940,0
loop4941,0
loop4942,0
loop4943,0
loop4944,0
loop4945,0
loop4946,0
loop4947,0
loop4948,0
loop4949,0
loop4950,0
loop4951,0
loop4952,0
loop4953,0
loop4954,0
loop4955,0
loop4956,0
loop4957,0
loop4958,0
loop4959,0
loop4960,0
loop4961,0
loop4962,0
loop4963,0
loop4964,0
loop4965,0
loop4966,0
loop4967,0
loop4968,0
loop4969,0
loop4970,0
loop4971,0
loop4972,0
loop4973,0
loop4974,0
loop4975,0
loop4976,0
loop4977,0
loop4978,0
loop4979,0
loop4980,0
loop4981,0
loop4982,0
loop4983,0
loop4984,0
loop4985,0
loop4986,0
loop4987,0
loop4988,0
loop4989,0
loop4990,0
loop4991,0
loop4992,0
loop4993,0
loop4994,0
loop4995,0
loop4996,0
loop4997,0
loop4998,0
loop4999,0
loop5000,0
loop5001,0
loop5002,0
loop5003,0
loop5004,0
loop5005,0
loop5006,0
loop5007,0
loop5008,0
loop5009,0
loop5010,0
loop5011,0
loop5012,0
loop5013,0
loop5014,0
loop5015,0
loop5016,0
loop5017,0
loop5018,0
loop5019,0
loop5020,0
loop5021,0
loop5022,0
loop5023,0
loop5024,0
loop5025,0
loop5026,0
loop5027,0
loop5028,0
loop5029,0
loop5030,0
loop5031,0
loop5032,0
loop5033,0
loop5034,0
loop5035,0
loop5036,0
loop5037,0
loop5038,0
loop5039,0
loop5040,0
loop5041,0
loop5042,0
loop5043,0
loop5044,0
loop5045,0
loop5046,0
loop5047,0
loop5048,0
loop5049,0
loop5050,0
loop5051,0
loop5052,0
loop5053,0
loop5054,0
loop5055,0
loop5056,0
loop5057,0
loop5058,0
loop5059,0
loop5060,0
loop5061,0
loop5062,0
loop5063,0
loop5064,0
loop5065,0
loop5066,0
loop5067,0
loop5068,0
loop5069,0
loop5070,0
loop5071,0
loop5072,0
loop5073,0
loop5074,0
loop5075,0
loop5076,0
loop5077,0
loop5078,0
loop5079,0
loop5080,0
loop5081,0
loop5082,0
loop5083,0
loop5084,0
loop5085,0
loop5086,0
loop5087,0
loop5088,0
loop5089,0
loop5090,0
loop5091,0
loop5092,0
loop5093,0
loop5094,0
loop5095,0
loop5096,0
loop5097,0
loop5098,0
loop5099,0
loop5100,0
loop5101,0
loop5102,0
loop5103,0
loop5104,0
loop5105,0
loop5106,0
loop5107,0
loop5108,0
loop5109,0
loop5110,0
loop5111,0
loop5112,0
loop5113,0
loop5114,0
loop5115,0
loop5116,0
loop5117,0
loop5118,0
loop5119,0
loop5120,0
loop5121,0
loop5122,0
loop5123,0
loop5124,0
loop5125,0
loop5126,0
loop5127,0
loop5128,0
loop5129,0
loop5130,0
loop5131,0
loop5132,0
loop5133,0
loop5134,0
loop5135,0
loop5136,0
loop5137,0
loop5138,0
loop5139,0
loop5140,0
loop5141,0
loop5142,0
loop5143,0
loop5144,0
loop5145,0
loop5146,0
loop5147,0
loop5148,0
loop5149,0
loop5150,0
loop5151,0
loop5152,0
loop5153,0
loop5154,0
loop5155,0
loop5156,0
loop5157,0
loop5158,0
loop5159,0
loop5160,0
loop5161,0
loop5162,0
loop5163,0
loop5164,0
loop5165,0
loop5166,0
loop5167,0
loop5168,0
loop5169,0
loop5170,0
loop5171,0
loop5172,0
loop5173,0
loop5174,0
loop5175,0
loop5176,0
loop5177,0
loop5178,0
loop5179,0
loop5180,0
loop5181,0
loop5182,0
loop5183,0
loop5184,0
loop5185,0
loop5186,0
loop5187,0
loop5188,0
loop5189,0
loop5190,0
loop5191,0
loop5192,0
loop5193,0
loop5194,0
loop5195,0
loop5196,0
loop5197,0
loop5198,0
loop5199,0
loop5200,0
loop5201,0
loop5202,0
loop5203,0
loop5204,0
loop5205,0
loop5206,0
loop5207,0
loop5208,0
loop5209,0
loop5210,0
loop5211,0
loop5212,0
loop5213,0
loop5214,0
loop5215,0
loop5216,0
loop5217,0
loop5218,0
loop5219,0
loop5220,0
loop5221,0
loop5222,0
loop5223,0
loop5224,0
loop5225,0
loop5226,0
loop5227,0
loop5228,0
loop5229,0
loop5230,0
loop5231,0
loop5232,0
loop5233,0
loop5234,0
loop5235,0
loop5236,0
loop5237,0
loop5238,0
loop5239,0
loop5240,0
loop5241,0
loop5242,0
loop5243,0
loop5244,0
loop5245,0
loop5246,0
loop5247,0
loop5248,0
loop5249,0
loop5250,0
loop5251,0
loop5252,0
loop5253,0
loop5254,0
loop5255,0
loop5256,0
loop5257,0
loop5258,0
loop5259,0
loop5260,0
loop5261,0
loop5262,0
loop5263,0
loop5264,0
loop5265,0
loop5266,0
loop5267,0
loop5268,0
loop5269,0
loop5270,0
loop5271,0
loop5272,0
loop5273,0
loop5274,0
loop5275,0
loop5276,0
loop5277,0
loop5278,0
loop5279,0
loop5280,0
loop5281,0
loop5282,0
loop5283,0
loop5284,0
loop5285,0
loop5286,0
loop5287,0
loop5288,0
loop5289,0
loop5290,0
loop5291,0
loop5292,0
loop5293,0
loop5294,0
loop5295,0
loop5296,0
loop5297,0
loop5298,0
loop5299,0
loop5300,0
loop5301,0
loop5302,0
loop5303,0
loop5304,0
loop5305,0
loop5306,0
loop5307,0
loop5308,0
loop5309,0
loop5310,0
loop5311,0
loop5312,0
loop5313,0
loop5314,0
loop5315,0
loop5316,0
loop5317,0
loop5318,0
loop5319,0
loop5320,0
loop5321,0
loop5322,0
loop5323,0
loop5324,0
loop5325,0
loop5326,0
loop5327,0
loop5328,0
loop5329,0
loop5330,0
loop5331,0
loop5332,0
loop5333,0
loop5334,0
loop5335,0
loop5336,0
loop5337,0
loop5338,0
loop5339,0
loop5340,0
loop5341,0
loop5342,0
loop5343,0
loop5344,0
loop5345,0
loop5346,0
loop5347,0
loop5348,0
loop5349,0
loop5350,0
loop5351,0
loop5352,0
loop5353,0
loop5354,0
loop5355,0
loop5356,0
loop5357,0
loop5358,0
loop5359,0
loop5360,0
loop5361,0
loop5362,0
loop5363,0
loop5364,0
loop5365,0
loop5366,0
loop5367,0
loop5368,0
loop5369,0
loop5370,0
loop5371,0
loop5372,0
loop5373,0
loop5374,0
loop5375,0
loop5376,0
loop5377,0
loop5378,0
loop5379,0
loop5380,0
loop5381,0
loop5382,0
loop5383,0
loop5384,0
loop5385,0
loop5386,0
loop5387,0
loop5388,0
loop5389,0
loop5390,0
loop5391,0
loop5392,0
loop5393,0
loop5394,0
loop5395,0
loop5396,0
loop5397,0
loop5398,0
loop5399,0
loop5400,0
loop5401,0
loop5402,0
loop5403,0
loop5404,0
loop5405,0
loop5406,0
loop5407,0
loop5408,0
loop5409,0
loop5410,0
loop5411,0
loop5412,0
loop5413,0
loop5414,0
loop5415,0
loop5416,0
loop5417,0
loop5418,0
loop5419,0
loop5420,0
loop5421,0
loop5422,0
loop5423,0
loop5424,0
loop5425,0
loop5426,0
loop5427,0
loop5428,0
loop5429,0
loop5430,0
loop5431,0
loop5432,0
loop5433,0
loop5434,0
loop5435,0
loop5436,0
loop5437,0
loop5438,0
loop5439,0
loop5440,0
loop5441,0
loop5442,0
loop5443,0
loop5444,0
loop5445,0
loop5446,0
loop5447,0
loop5448,0
loop5449,0
loop5450,0
